{"cameraMode":{"drawMode":0,"name":"Shaded","section":"Shading Mode"},"sceneLighting":true,"audioPlay":false,"sceneViewState":{"m_AlwaysRefresh":false,"showFog":true,"showSkybox":true,"showFlares":true,"showImageEffects":true,"showParticleSystems":true,"showVisualEffectGraphs":true,"m_FxEnabled":true},"in2DMode":false,"pivot":{"x":4.2957563400268559,"y":2.2688443660736086,"z":5.255399703979492},"rotation":{"x":-0.026533348485827447,"y":0.9650432467460632,"z":-0.10786442458629608,"w":-0.23738904297351838},"size":1.5278128385543824,"orthographic":false}